[
    {
        "model": "admin.logentry",
        "pk": 1,
        "fields": {
            "action_time": "2025-11-09T21:23:00.171Z",
            "user": 1,
            "content_type": 8,
            "object_id": "1",
            "object_repr": "Book object (1)",
            "action_flag": 1,
            "change_message": "[{\"added\": {}}]"
        }
    },
    {
        "model": "admin.logentry",
        "pk": 2,
        "fields": {
            "action_time": "2025-11-09T21:23:41.485Z",
            "user": 1,
            "content_type": 9,
            "object_id": "1",
            "object_repr": "Customer object (1)",
            "action_flag": 1,
            "change_message": "[{\"added\": {}}]"
        }
    },
    {
        "model": "admin.logentry",
        "pk": 3,
        "fields": {
            "action_time": "2025-11-09T21:24:46.938Z",
            "user": 1,
            "content_type": 10,
            "object_id": "1",
            "object_repr": "Order object (1)",
            "action_flag": 1,
            "change_message": "[{\"added\": {}}]"
        }
    },
    {
        "model": "admin.logentry",
        "pk": 4,
        "fields": {
            "action_time": "2025-11-09T21:25:41.820Z",
            "user": 1,
            "content_type": 11,
            "object_id": "1",
            "object_repr": "OrderItem object (1)",
            "action_flag": 1,
            "change_message": "[{\"added\": {}}]"
        }
    },
    {
        "model": "admin.logentry",
        "pk": 5,
        "fields": {
            "action_time": "2025-11-09T21:26:07.660Z",
            "user": 1,
            "content_type": 12,
            "object_id": "1",
            "object_repr": "Payment object (1)",
            "action_flag": 1,
            "change_message": "[{\"added\": {}}]"
        }
    },
    {
        "model": "admin.logentry",
        "pk": 6,
        "fields": {
            "action_time": "2025-11-09T22:02:24.255Z",
            "user": 1,
            "content_type": 12,
            "object_id": "1",
            "object_repr": "Payment for Order #1",
            "action_flag": 3,
            "change_message": ""
        }
    },
    {
        "model": "admin.logentry",
        "pk": 7,
        "fields": {
            "action_time": "2025-11-09T22:03:00.395Z",
            "user": 1,
            "content_type": 12,
            "object_id": "2",
            "object_repr": "Payment for Order #1",
            "action_flag": 1,
            "change_message": "[{\"added\": {}}]"
        }
    },
    {
        "model": "admin.logentry",
        "pk": 8,
        "fields": {
            "action_time": "2025-11-09T22:25:40.876Z",
            "user": 1,
            "content_type": 12,
            "object_id": "4",
            "object_repr": "Payment for Order #3",
            "action_flag": 3,
            "change_message": ""
        }
    },
    {
        "model": "admin.logentry",
        "pk": 9,
        "fields": {
            "action_time": "2025-11-09T22:25:40.876Z",
            "user": 1,
            "content_type": 12,
            "object_id": "3",
            "object_repr": "Payment for Order #2",
            "action_flag": 3,
            "change_message": ""
        }
    },
    {
        "model": "admin.logentry",
        "pk": 10,
        "fields": {
            "action_time": "2025-11-09T22:25:40.876Z",
            "user": 1,
            "content_type": 12,
            "object_id": "2",
            "object_repr": "Payment for Order #1",
            "action_flag": 3,
            "change_message": ""
        }
    },
    {
        "model": "admin.logentry",
        "pk": 11,
        "fields": {
            "action_time": "2025-11-09T22:26:34.093Z",
            "user": 1,
            "content_type": 10,
            "object_id": "5",
            "object_repr": "Order object (5)",
            "action_flag": 3,
            "change_message": ""
        }
    },
    {
        "model": "admin.logentry",
        "pk": 12,
        "fields": {
            "action_time": "2025-11-09T22:26:34.093Z",
            "user": 1,
            "content_type": 10,
            "object_id": "4",
            "object_repr": "Order object (4)",
            "action_flag": 3,
            "change_message": ""
        }
    },
    {
        "model": "admin.logentry",
        "pk": 13,
        "fields": {
            "action_time": "2025-11-09T22:26:34.093Z",
            "user": 1,
            "content_type": 10,
            "object_id": "3",
            "object_repr": "Order object (3)",
            "action_flag": 3,
            "change_message": ""
        }
    },
    {
        "model": "admin.logentry",
        "pk": 14,
        "fields": {
            "action_time": "2025-11-09T22:26:34.093Z",
            "user": 1,
            "content_type": 10,
            "object_id": "2",
            "object_repr": "Order object (2)",
            "action_flag": 3,
            "change_message": ""
        }
    },
    {
        "model": "admin.logentry",
        "pk": 15,
        "fields": {
            "action_time": "2025-11-09T22:28:55.930Z",
            "user": 1,
            "content_type": 8,
            "object_id": "2",
            "object_repr": "Book object (2)",
            "action_flag": 1,
            "change_message": "[{\"added\": {}}]"
        }
    },
    {
        "model": "admin.logentry",
        "pk": 16,
        "fields": {
            "action_time": "2025-11-09T22:29:30.314Z",
            "user": 1,
            "content_type": 8,
            "object_id": "3",
            "object_repr": "Book object (3)",
            "action_flag": 1,
            "change_message": "[{\"added\": {}}]"
        }
    },
    {
        "model": "admin.logentry",
        "pk": 17,
        "fields": {
            "action_time": "2025-11-09T23:15:31.100Z",
            "user": 1,
            "content_type": 8,
            "object_id": "3",
            "object_repr": "Rich Dad Poor Dad",
            "action_flag": 3,
            "change_message": ""
        }
    },
    {
        "model": "admin.logentry",
        "pk": 18,
        "fields": {
            "action_time": "2025-11-09T23:15:31.100Z",
            "user": 1,
            "content_type": 8,
            "object_id": "2",
            "object_repr": "Baatil Qayamat",
            "action_flag": 3,
            "change_message": ""
        }
    },
    {
        "model": "admin.logentry",
        "pk": 19,
        "fields": {
            "action_time": "2025-11-09T23:15:31.100Z",
            "user": 1,
            "content_type": 8,
            "object_id": "1",
            "object_repr": "Atomic Habits",
            "action_flag": 3,
            "change_message": ""
        }
    },
    {
        "model": "admin.logentry",
        "pk": 20,
        "fields": {
            "action_time": "2025-11-09T23:23:10.593Z",
            "user": 1,
            "content_type": 10,
            "object_id": "9",
            "object_repr": "Order #9 - Arsalan Ahmed",
            "action_flag": 3,
            "change_message": ""
        }
    },
    {
        "model": "admin.logentry",
        "pk": 21,
        "fields": {
            "action_time": "2025-11-09T23:23:10.593Z",
            "user": 1,
            "content_type": 10,
            "object_id": "8",
            "object_repr": "Order #8 - Arsalan Ahmed",
            "action_flag": 3,
            "change_message": ""
        }
    },
    {
        "model": "admin.logentry",
        "pk": 22,
        "fields": {
            "action_time": "2025-11-09T23:23:10.593Z",
            "user": 1,
            "content_type": 10,
            "object_id": "7",
            "object_repr": "Order #7 - Arsalan Ahmed",
            "action_flag": 3,
            "change_message": ""
        }
    },
    {
        "model": "admin.logentry",
        "pk": 23,
        "fields": {
            "action_time": "2025-11-09T23:23:10.593Z",
            "user": 1,
            "content_type": 10,
            "object_id": "6",
            "object_repr": "Order #6 - Arsalan Ahmed",
            "action_flag": 3,
            "change_message": ""
        }
    },
    {
        "model": "admin.logentry",
        "pk": 24,
        "fields": {
            "action_time": "2025-11-09T23:23:10.593Z",
            "user": 1,
            "content_type": 10,
            "object_id": "1",
            "object_repr": "Order #1 - Arsalan Ahmed",
            "action_flag": 3,
            "change_message": ""
        }
    },
    {
        "model": "admin.logentry",
        "pk": 25,
        "fields": {
            "action_time": "2025-11-09T23:35:50.389Z",
            "user": 1,
            "content_type": 8,
            "object_id": "7",
            "object_repr": "The Alchemist",
            "action_flag": 1,
            "change_message": "[{\"added\": {}}]"
        }
    },
    {
        "model": "admin.logentry",
        "pk": 26,
        "fields": {
            "action_time": "2025-11-10T02:29:03.303Z",
            "user": 1,
            "content_type": 8,
            "object_id": "8",
            "object_repr": "The House in the Pines",
            "action_flag": 1,
            "change_message": "[{\"added\": {}}]"
        }
    },
    {
        "model": "admin.logentry",
        "pk": 27,
        "fields": {
            "action_time": "2025-11-10T02:30:31.258Z",
            "user": 1,
            "content_type": 10,
            "object_id": "12",
            "object_repr": "Order #12 - Arsalan Ahmed",
            "action_flag": 3,
            "change_message": ""
        }
    },
    {
        "model": "admin.logentry",
        "pk": 28,
        "fields": {
            "action_time": "2025-11-10T02:30:31.258Z",
            "user": 1,
            "content_type": 10,
            "object_id": "11",
            "object_repr": "Order #11 - Arsalan Ahmed",
            "action_flag": 3,
            "change_message": ""
        }
    },
    {
        "model": "admin.logentry",
        "pk": 29,
        "fields": {
            "action_time": "2025-11-10T02:30:31.258Z",
            "user": 1,
            "content_type": 10,
            "object_id": "10",
            "object_repr": "Order #10 - Arsalan Ahmed",
            "action_flag": 3,
            "change_message": ""
        }
    },
    {
        "model": "auth.permission",
        "pk": 1,
        "fields": {
            "name": "Can add log entry",
            "content_type": 1,
            "codename": "add_logentry"
        }
    },
    {
        "model": "auth.permission",
        "pk": 2,
        "fields": {
            "name": "Can change log entry",
            "content_type": 1,
            "codename": "change_logentry"
        }
    },
    {
        "model": "auth.permission",
        "pk": 3,
        "fields": {
            "name": "Can delete log entry",
            "content_type": 1,
            "codename": "delete_logentry"
        }
    },
    {
        "model": "auth.permission",
        "pk": 4,
        "fields": {
            "name": "Can view log entry",
            "content_type": 1,
            "codename": "view_logentry"
        }
    },
    {
        "model": "auth.permission",
        "pk": 5,
        "fields": {
            "name": "Can add permission",
            "content_type": 2,
            "codename": "add_permission"
        }
    },
    {
        "model": "auth.permission",
        "pk": 6,
        "fields": {
            "name": "Can change permission",
            "content_type": 2,
            "codename": "change_permission"
        }
    },
    {
        "model": "auth.permission",
        "pk": 7,
        "fields": {
            "name": "Can delete permission",
            "content_type": 2,
            "codename": "delete_permission"
        }
    },
    {
        "model": "auth.permission",
        "pk": 8,
        "fields": {
            "name": "Can view permission",
            "content_type": 2,
            "codename": "view_permission"
        }
    },
    {
        "model": "auth.permission",
        "pk": 9,
        "fields": {
            "name": "Can add group",
            "content_type": 3,
            "codename": "add_group"
        }
    },
    {
        "model": "auth.permission",
        "pk": 10,
        "fields": {
            "name": "Can change group",
            "content_type": 3,
            "codename": "change_group"
        }
    },
    {
        "model": "auth.permission",
        "pk": 11,
        "fields": {
            "name": "Can delete group",
            "content_type": 3,
            "codename": "delete_group"
        }
    },
    {
        "model": "auth.permission",
        "pk": 12,
        "fields": {
            "name": "Can view group",
            "content_type": 3,
            "codename": "view_group"
        }
    },
    {
        "model": "auth.permission",
        "pk": 13,
        "fields": {
            "name": "Can add user",
            "content_type": 4,
            "codename": "add_user"
        }
    },
    {
        "model": "auth.permission",
        "pk": 14,
        "fields": {
            "name": "Can change user",
            "content_type": 4,
            "codename": "change_user"
        }
    },
    {
        "model": "auth.permission",
        "pk": 15,
        "fields": {
            "name": "Can delete user",
            "content_type": 4,
            "codename": "delete_user"
        }
    },
    {
        "model": "auth.permission",
        "pk": 16,
        "fields": {
            "name": "Can view user",
            "content_type": 4,
            "codename": "view_user"
        }
    },
    {
        "model": "auth.permission",
        "pk": 17,
        "fields": {
            "name": "Can add content type",
            "content_type": 5,
            "codename": "add_contenttype"
        }
    },
    {
        "model": "auth.permission",
        "pk": 18,
        "fields": {
            "name": "Can change content type",
            "content_type": 5,
            "codename": "change_contenttype"
        }
    },
    {
        "model": "auth.permission",
        "pk": 19,
        "fields": {
            "name": "Can delete content type",
            "content_type": 5,
            "codename": "delete_contenttype"
        }
    },
    {
        "model": "auth.permission",
        "pk": 20,
        "fields": {
            "name": "Can view content type",
            "content_type": 5,
            "codename": "view_contenttype"
        }
    },
    {
        "model": "auth.permission",
        "pk": 21,
        "fields": {
            "name": "Can add session",
            "content_type": 6,
            "codename": "add_session"
        }
    },
    {
        "model": "auth.permission",
        "pk": 22,
        "fields": {
            "name": "Can change session",
            "content_type": 6,
            "codename": "change_session"
        }
    },
    {
        "model": "auth.permission",
        "pk": 23,
        "fields": {
            "name": "Can delete session",
            "content_type": 6,
            "codename": "delete_session"
        }
    },
    {
        "model": "auth.permission",
        "pk": 24,
        "fields": {
            "name": "Can view session",
            "content_type": 6,
            "codename": "view_session"
        }
    },
    {
        "model": "auth.permission",
        "pk": 25,
        "fields": {
            "name": "Can add admin",
            "content_type": 7,
            "codename": "add_admin"
        }
    },
    {
        "model": "auth.permission",
        "pk": 26,
        "fields": {
            "name": "Can change admin",
            "content_type": 7,
            "codename": "change_admin"
        }
    },
    {
        "model": "auth.permission",
        "pk": 27,
        "fields": {
            "name": "Can delete admin",
            "content_type": 7,
            "codename": "delete_admin"
        }
    },
    {
        "model": "auth.permission",
        "pk": 28,
        "fields": {
            "name": "Can view admin",
            "content_type": 7,
            "codename": "view_admin"
        }
    },
    {
        "model": "auth.permission",
        "pk": 29,
        "fields": {
            "name": "Can add book",
            "content_type": 8,
            "codename": "add_book"
        }
    },
    {
        "model": "auth.permission",
        "pk": 30,
        "fields": {
            "name": "Can change book",
            "content_type": 8,
            "codename": "change_book"
        }
    },
    {
        "model": "auth.permission",
        "pk": 31,
        "fields": {
            "name": "Can delete book",
            "content_type": 8,
            "codename": "delete_book"
        }
    },
    {
        "model": "auth.permission",
        "pk": 32,
        "fields": {
            "name": "Can view book",
            "content_type": 8,
            "codename": "view_book"
        }
    },
    {
        "model": "auth.permission",
        "pk": 33,
        "fields": {
            "name": "Can add customer",
            "content_type": 9,
            "codename": "add_customer"
        }
    },
    {
        "model": "auth.permission",
        "pk": 34,
        "fields": {
            "name": "Can change customer",
            "content_type": 9,
            "codename": "change_customer"
        }
    },
    {
        "model": "auth.permission",
        "pk": 35,
        "fields": {
            "name": "Can delete customer",
            "content_type": 9,
            "codename": "delete_customer"
        }
    },
    {
        "model": "auth.permission",
        "pk": 36,
        "fields": {
            "name": "Can view customer",
            "content_type": 9,
            "codename": "view_customer"
        }
    },
    {
        "model": "auth.permission",
        "pk": 37,
        "fields": {
            "name": "Can add order",
            "content_type": 10,
            "codename": "add_order"
        }
    },
    {
        "model": "auth.permission",
        "pk": 38,
        "fields": {
            "name": "Can change order",
            "content_type": 10,
            "codename": "change_order"
        }
    },
    {
        "model": "auth.permission",
        "pk": 39,
        "fields": {
            "name": "Can delete order",
            "content_type": 10,
            "codename": "delete_order"
        }
    },
    {
        "model": "auth.permission",
        "pk": 40,
        "fields": {
            "name": "Can view order",
            "content_type": 10,
            "codename": "view_order"
        }
    },
    {
        "model": "auth.permission",
        "pk": 41,
        "fields": {
            "name": "Can add order item",
            "content_type": 11,
            "codename": "add_orderitem"
        }
    },
    {
        "model": "auth.permission",
        "pk": 42,
        "fields": {
            "name": "Can change order item",
            "content_type": 11,
            "codename": "change_orderitem"
        }
    },
    {
        "model": "auth.permission",
        "pk": 43,
        "fields": {
            "name": "Can delete order item",
            "content_type": 11,
            "codename": "delete_orderitem"
        }
    },
    {
        "model": "auth.permission",
        "pk": 44,
        "fields": {
            "name": "Can view order item",
            "content_type": 11,
            "codename": "view_orderitem"
        }
    },
    {
        "model": "auth.permission",
        "pk": 45,
        "fields": {
            "name": "Can add payment",
            "content_type": 12,
            "codename": "add_payment"
        }
    },
    {
        "model": "auth.permission",
        "pk": 46,
        "fields": {
            "name": "Can change payment",
            "content_type": 12,
            "codename": "change_payment"
        }
    },
    {
        "model": "auth.permission",
        "pk": 47,
        "fields": {
            "name": "Can delete payment",
            "content_type": 12,
            "codename": "delete_payment"
        }
    },
    {
        "model": "auth.permission",
        "pk": 48,
        "fields": {
            "name": "Can view payment",
            "content_type": 12,
            "codename": "view_payment"
        }
    },
    {
        "model": "auth.user",
        "pk": 1,
        "fields": {
            "password": "pbkdf2_sha256$1000000$sCgY7D3M51fWwmhCOZX1t9$M3Fvpa+6Fd2JbLrYyReJbE7rQY2G67SSsP3biR/kMEM=",
            "last_login": "2025-11-09T21:20:01.069Z",
            "is_superuser": true,
            "username": "root",
            "first_name": "",
            "last_name": "",
            "email": "arsalanshafiq692@gmail.com",
            "is_staff": true,
            "is_active": true,
            "date_joined": "2025-11-09T21:18:08.019Z",
            "groups": [],
            "user_permissions": []
        }
    },
    {
        "model": "contenttypes.contenttype",
        "pk": 1,
        "fields": {
            "app_label": "admin",
            "model": "logentry"
        }
    },
    {
        "model": "contenttypes.contenttype",
        "pk": 2,
        "fields": {
            "app_label": "auth",
            "model": "permission"
        }
    },
    {
        "model": "contenttypes.contenttype",
        "pk": 3,
        "fields": {
            "app_label": "auth",
            "model": "group"
        }
    },
    {
        "model": "contenttypes.contenttype",
        "pk": 4,
        "fields": {
            "app_label": "auth",
            "model": "user"
        }
    },
    {
        "model": "contenttypes.contenttype",
        "pk": 5,
        "fields": {
            "app_label": "contenttypes",
            "model": "contenttype"
        }
    },
    {
        "model": "contenttypes.contenttype",
        "pk": 6,
        "fields": {
            "app_label": "sessions",
            "model": "session"
        }
    },
    {
        "model": "contenttypes.contenttype",
        "pk": 7,
        "fields": {
            "app_label": "bookstore",
            "model": "admin"
        }
    },
    {
        "model": "contenttypes.contenttype",
        "pk": 8,
        "fields": {
            "app_label": "bookstore",
            "model": "book"
        }
    },
    {
        "model": "contenttypes.contenttype",
        "pk": 9,
        "fields": {
            "app_label": "bookstore",
            "model": "customer"
        }
    },
    {
        "model": "contenttypes.contenttype",
        "pk": 10,
        "fields": {
            "app_label": "bookstore",
            "model": "order"
        }
    },
    {
        "model": "contenttypes.contenttype",
        "pk": 11,
        "fields": {
            "app_label": "bookstore",
            "model": "orderitem"
        }
    },
    {
        "model": "contenttypes.contenttype",
        "pk": 12,
        "fields": {
            "app_label": "bookstore",
            "model": "payment"
        }
    },
    {
        "model": "sessions.session",
        "pk": "mzn0dcz8q60jaisjfzizuvfrkutmfv4a",
        "fields": {
            "session_data": ".eJxVjM0OwiAQhN-FsyHy0xU8eu8zkN0FpGogKe3J-O62SQ96mmS-b-YtAq5LCWtPc5iiuAolTr8dIT9T3UF8YL03ya0u80RyV-RBuxxbTK_b4f4dFOxlWwMnB-QyIoMdrDOkskat0XA2DEAaLaizj2y2cHpQ3pCO3ud0YUpOfL7sbzf_:1vICpN:gxJgoT4E49CBFlaHbSITPQqgjNsms0eeRK9Gyp8JHSU",
            "expire_date": "2025-11-23T21:20:01.072Z"
        }
    },
    {
        "model": "bookstore.customer",
        "pk": 1,
        "fields": {
            "name": "Arsalan Ahmed",
            "email": "arsalan@example.com",
            "phone": "03123456789",
            "address": "Plot R#81 near Zuberi Family Park, Block 13-D-1, Gulshan-e-Iqbal , Karachi",
            "password": "12345"
        }
    },
    {
        "model": "bookstore.book",
        "pk": 4,
        "fields": {
            "title": "Atomic Habits",
            "author": "James Clear",
            "category": "Self Help",
            "price": "1500.00",
            "stock": 14,
            "description": "An Easy & Proven Way to Build Good Habits & Break Bad Ones",
            "isbn": "9780735211292"
        }
    },
    {
        "model": "bookstore.book",
        "pk": 5,
        "fields": {
            "title": "Baatil Qayamat",
            "author": "Ishtiaq Ahmed",
            "category": "Spy",
            "price": "9000.00",
            "stock": 16,
            "description": "A thrilling spy novel in Urdu",
            "isbn": "9789693516234"
        }
    },
    {
        "model": "bookstore.book",
        "pk": 6,
        "fields": {
            "title": "Rich Dad Poor Dad",
            "author": "Robert T Kiyosaki",
            "category": "Finance",
            "price": "5000.00",
            "stock": 13,
            "description": "What the Rich Teach Their Kids About Money That the Poor and Middle Class Do Not!",
            "isbn": "9781612680194"
        }
    },
    {
        "model": "bookstore.book",
        "pk": 7,
        "fields": {
            "title": "The Alchemist",
            "author": "Paulo Coelho",
            "category": "Fiction",
            "price": "599.00",
            "stock": 25,
            "description": "A magical tale about following your dreams and listening to your heart",
            "isbn": "9780062315007"
        }
    },
    {
        "model": "bookstore.book",
        "pk": 8,
        "fields": {
            "title": "The House in the Pines",
            "author": "Ana Reyes",
            "category": "Fiction",
            "price": "4500.00",
            "stock": 8,
            "description": "Maya was in high school when her best friend Aubrey mysteriously dropped dead in front of the enigmatic man, Frank, they'd been hanging around with all summer.",
            "isbn": "9781408717691"
        }
    },
    {
        "model": "bookstore.order",
        "pk": 13,
        "fields": {
            "customer": 1,
            "order_date": "2025-11-10T02:29:25.480Z",
            "status": "Confirmed"
        }
    },
    {
        "model": "bookstore.order",
        "pk": 14,
        "fields": {
            "customer": 1,
            "order_date": "2025-11-10T03:31:03.443Z",
            "status": "Confirmed"
        }
    },
    {
        "model": "bookstore.order",
        "pk": 15,
        "fields": {
            "customer": 1,
            "order_date": "2025-11-10T03:31:53.301Z",
            "status": "Confirmed"
        }
    },
    {
        "model": "bookstore.orderitem",
        "pk": 13,
        "fields": {
            "order": 13,
            "book": 8,
            "quantity": 1,
            "subtotal": "4500.00"
        }
    },
    {
        "model": "bookstore.orderitem",
        "pk": 14,
        "fields": {
            "order": 14,
            "book": 4,
            "quantity": 1,
            "subtotal": "1500.00"
        }
    },
    {
        "model": "bookstore.orderitem",
        "pk": 15,
        "fields": {
            "order": 15,
            "book": 8,
            "quantity": 1,
            "subtotal": "4500.00"
        }
    },
    {
        "model": "bookstore.payment",
        "pk": 14,
        "fields": {
            "order": 13,
            "amount": "4500.00",
            "method": "Cash",
            "status": "Paid",
            "date": "2025-11-10T02:29:25.546Z"
        }
    },
    {
        "model": "bookstore.payment",
        "pk": 15,
        "fields": {
            "order": 14,
            "amount": "1500.00",
            "method": "Cash",
            "status": "Paid",
            "date": "2025-11-10T03:31:03.467Z"
        }
    },
    {
        "model": "bookstore.payment",
        "pk": 16,
        "fields": {
            "order": 15,
            "amount": "4500.00",
            "method": "Cash",
            "status": "Paid",
            "date": "2025-11-10T03:31:53.311Z"
        }
    }
]